state,happiness,income
Johor,8.08,7627
Kedah,7.68,4866
Kelantan,7.24,4043
Melaka,7.83,6849
Negeri Sembilan,8.01,5543
Pahang,7.92,4947
Perak,7.83,4645
Perlis,7.65,4923
Pulau Pinang,7.19,7327
Sabah,7.6,4852
Sarawak,7.53,5454
Selangor,7.21,10676
Terengganu,8.64,6592
W.P. Kuala Lumpur,7.22,10742
W.P. Labuan,7,7339
W.P. Putrajaya,7.55,10754
